{
  "config": {
    "device": "cpu",
    "batch": 8,
    "seq": 256,
    "d_model": 512,
    "heads": 8,
    "depth": 2,
    "iters": 50
  },
  "backends": {
    "sdpa": {
      "total_seconds": 0.809934139251709,
      "ms_per_iter": 16.19868278503418,
      "tokens_per_sec": 126430.03305751065,
      "seqs_per_sec": 493.867316630901,
      "total_tokens": 102400
    },
    "manual": {
      "total_seconds": 2.3275725841522217,
      "ms_per_iter": 46.551451683044434,
      "tokens_per_sec": 43994.33156122065,
      "seqs_per_sec": 171.85285766101816,
      "total_tokens": 102400
    }
  }
}