{
  "sdpa": {
    "seconds": 0.7549853324890137,
    "tokens_per_sec": 135631.77401395424
  },
  "manual": {
    "seconds": 1.8715341091156006,
    "tokens_per_sec": 54714.47167393035
  }
}