{
  "device_info": {
    "device": "cpu",
    "name": "CPU"
  },
  "benchmarks": [
    {
      "total_time_s": 0.0690709410700947,
      "avg_time_s": 0.0065067948889918625,
      "min_time_s": 0.006088327965699136,
      "max_time_s": 0.006669073016382754,
      "std_time_s": 0.00016558196512050927,
      "ms_per_iter": 6.5067948889918625,
      "peak_memory_mb": 0,
      "n_iters": 10,
      "seqs_per_sec": 144.77868471274743,
      "tokens_per_sec": 74126.68657292669,
      "n_params": 1050626,
      "config": {
        "d_model": 512,
        "n_heads": 8,
        "depth": 1,
        "seq_len": 128,
        "batch_size": 4,
        "backend": "sdpa",
        "lambda_distance": 0.1,
        "window_size": null
      }
    },
    {
      "total_time_s": 0.15997212007641792,
      "avg_time_s": 0.01460940899560228,
      "min_time_s": 0.014426469919271767,
      "max_time_s": 0.014766310923732817,
      "std_time_s": 0.00012547311780508608,
      "ms_per_iter": 14.60940899560228,
      "peak_memory_mb": 0,
      "n_iters": 10,
      "seqs_per_sec": 62.51089249316098,
      "tokens_per_sec": 64011.153912996844,
      "n_params": 1050626,
      "config": {
        "d_model": 512,
        "n_heads": 8,
        "depth": 1,
        "seq_len": 256,
        "batch_size": 4,
        "backend": "sdpa",
        "lambda_distance": 0.1,
        "window_size": null
      }
    },
    {
      "total_time_s": 0.3465215959586203,
      "avg_time_s": 0.032462261524051426,
      "min_time_s": 0.03194711706601083,
      "max_time_s": 0.034246284049004316,
      "std_time_s": 0.0006493612308986485,
      "ms_per_iter": 32.46226152405143,
      "peak_memory_mb": 0,
      "n_iters": 10,
      "seqs_per_sec": 28.85823024200242,
      "tokens_per_sec": 59101.65553562096,
      "n_params": 1050626,
      "config": {
        "d_model": 512,
        "n_heads": 8,
        "depth": 1,
        "seq_len": 512,
        "batch_size": 4,
        "backend": "sdpa",
        "lambda_distance": 0.1,
        "window_size": null
      }
    },
    {
      "total_time_s": 0.06643274298403412,
      "avg_time_s": 0.006641915789805353,
      "min_time_s": 0.006484935991466045,
      "max_time_s": 0.006764202960766852,
      "std_time_s": 0.00010928817209787667,
      "ms_per_iter": 6.641915789805353,
      "peak_memory_mb": 0,
      "n_iters": 10,
      "seqs_per_sec": 150.5281815986932,
      "tokens_per_sec": 77070.42897853092,
      "n_params": 1050628,
      "config": {
        "d_model": 512,
        "n_heads": 8,
        "depth": 2,
        "seq_len": 128,
        "batch_size": 4,
        "backend": "sdpa",
        "lambda_distance": 0.1,
        "window_size": null
      }
    },
    {
      "total_time_s": 0.16930122196208686,
      "avg_time_s": 0.01675757869379595,
      "min_time_s": 0.015453165979124606,
      "max_time_s": 0.02004040195606649,
      "std_time_s": 0.0014009518781676888,
      "ms_per_iter": 16.75757869379595,
      "peak_memory_mb": 0,
      "n_iters": 10,
      "seqs_per_sec": 59.06631909744508,
      "tokens_per_sec": 60483.91075578376,
      "n_params": 1050628,
      "config": {
        "d_model": 512,
        "n_heads": 8,
        "depth": 2,
        "seq_len": 256,
        "batch_size": 4,
        "backend": "sdpa",
        "lambda_distance": 0.1,
        "window_size": null
      }
    },
    {
      "total_time_s": 0.42354755592532456,
      "avg_time_s": 0.04180086461128667,
      "min_time_s": 0.040040357038378716,
      "max_time_s": 0.04467312805354595,
      "std_time_s": 0.00142001046333462,
      "ms_per_iter": 41.80086461128667,
      "peak_memory_mb": 0,
      "n_iters": 10,
      "seqs_per_sec": 23.61009964548844,
      "tokens_per_sec": 48353.484073960324,
      "n_params": 1050628,
      "config": {
        "d_model": 512,
        "n_heads": 8,
        "depth": 2,
        "seq_len": 512,
        "batch_size": 4,
        "backend": "sdpa",
        "lambda_distance": 0.1,
        "window_size": null
      }
    },
    {
      "total_time_s": 0.08866307593416423,
      "avg_time_s": 0.008864758803974837,
      "min_time_s": 0.008777841925621033,
      "max_time_s": 0.008992847055196762,
      "std_time_s": 7.256489334395155e-05,
      "ms_per_iter": 8.864758803974837,
      "peak_memory_mb": 0,
      "n_iters": 10,
      "seqs_per_sec": 112.78652240111079,
      "tokens_per_sec": 57746.69946936872,
      "n_params": 1050632,
      "config": {
        "d_model": 512,
        "n_heads": 8,
        "depth": 4,
        "seq_len": 128,
        "batch_size": 4,
        "backend": "sdpa",
        "lambda_distance": 0.1,
        "window_size": null
      }
    },
    {
      "total_time_s": 0.2436540190828964,
      "avg_time_s": 0.024363671499304473,
      "min_time_s": 0.023853205027990043,
      "max_time_s": 0.024946428020484746,
      "std_time_s": 0.000362799153663218,
      "ms_per_iter": 24.363671499304473,
      "peak_memory_mb": 0,
      "n_iters": 10,
      "seqs_per_sec": 41.041801968379524,
      "tokens_per_sec": 42026.80521562063,
      "n_params": 1050632,
      "config": {
        "d_model": 512,
        "n_heads": 8,
        "depth": 4,
        "seq_len": 256,
        "batch_size": 4,
        "backend": "sdpa",
        "lambda_distance": 0.1,
        "window_size": null
      }
    },
    {
      "total_time_s": 0.8576865049544722,
      "avg_time_s": 0.08531472310423852,
      "min_time_s": 0.0797753679798916,
      "max_time_s": 0.10671546694356948,
      "std_time_s": 0.008477614261209965,
      "ms_per_iter": 85.31472310423851,
      "peak_memory_mb": 0,
      "n_iters": 10,
      "seqs_per_sec": 11.659271706193886,
      "tokens_per_sec": 23878.18845428508,
      "n_params": 1050632,
      "config": {
        "d_model": 512,
        "n_heads": 8,
        "depth": 4,
        "seq_len": 512,
        "batch_size": 4,
        "backend": "sdpa",
        "lambda_distance": 0.1,
        "window_size": null
      }
    },
    {
      "total_time_s": 0.22854252706747502,
      "avg_time_s": 0.022852490236982704,
      "min_time_s": 0.022045315010473132,
      "max_time_s": 0.02433113707229495,
      "std_time_s": 0.0007569277659058571,
      "ms_per_iter": 22.852490236982703,
      "peak_memory_mb": 0,
      "n_iters": 10,
      "seqs_per_sec": 43.75553262805917,
      "tokens_per_sec": 22402.832705566296,
      "n_params": 1050656,
      "config": {
        "d_model": 512,
        "n_heads": 8,
        "depth": 8,
        "seq_len": 128,
        "batch_size": 4,
        "backend": "sdpa",
        "lambda_distance": 0.1,
        "window_size": null
      }
    },
    {
      "total_time_s": 0.8254941060440615,
      "avg_time_s": 0.08254710410255939,
      "min_time_s": 0.08218201796989888,
      "max_time_s": 0.08314840204548091,
      "std_time_s": 0.0003195223107468337,
      "ms_per_iter": 82.54710410255939,
      "peak_memory_mb": 0,
      "n_iters": 10,
      "seqs_per_sec": 12.113956873565177,
      "tokens_per_sec": 12404.691838530742,
      "n_params": 1050656,
      "config": {
        "d_model": 512,
        "n_heads": 8,
        "depth": 8,
        "seq_len": 256,
        "batch_size": 4,
        "backend": "sdpa",
        "lambda_distance": 0.1,
        "window_size": null
      }
    },
    {
      "total_time_s": 3.276214496931061,
      "avg_time_s": 0.3276177969179116,
      "min_time_s": 0.3182908809976652,
      "max_time_s": 0.34337812499143183,
      "std_time_s": 0.008641053922474384,
      "ms_per_iter": 327.6177969179116,
      "peak_memory_mb": 0,
      "n_iters": 10,
      "seqs_per_sec": 3.0523032021765766,
      "tokens_per_sec": 6251.116958057629,
      "n_params": 1050656,
      "config": {
        "d_model": 512,
        "n_heads": 8,
        "depth": 8,
        "seq_len": 512,
        "batch_size": 4,
        "backend": "sdpa",
        "lambda_distance": 0.1,
        "window_size": null
      }
    }
  ],
  "timestamp": "2025-10-25 19:06:47"
}